<configuration>
	<appender name="CONSOLE" class="ch.qos.logback.core.ConsoleAppender">
		<encoder>
			<pattern>%d{yyyy-MM-dd HH:mm:ss}- %msg%n</pattern>
		</encoder>
	</appender>
	
	<appender name="FILE" class="ch.qos.logback.core.FileAppender">
		<file>logs/myapp.log</file>
		<encoder>
			<pattern>%d{yyyy-MM-dd HH:mm:ss} - %msg%n</pattern>
		</encoder>
	</appender>
	<logger name="com.sample" level="DEBUG"/>
	<root level="INFO">
		<appender-ref ref="CONSOLE"/>
		<appender-ref ref="FILE" />
	</root>
</configuration>